Off Time,Track,Horse,High Fast Races (%),Med Fast Races (%),Low Fast Races (%),Best Speed (mph),Best Pos,Mean Pos,Worst Pos,Std Pos,Num Races,Tips
16:38,Ballinrobe,Blinding Light,,,,,,,,,,
16:38,Ballinrobe,Following Orders,0.2,0.2,0.4,36.32,2.0,3.4,6.0,1.67,5.0,1 tip
16:38,Ballinrobe,Mane Attraction,0.0,0.0,0.0,34.94,8.0,10.0,12.0,2.83,2.0,
16:38,Ballinrobe,Mr Eastwood,0.0,0.0,0.0,33.88,7.0,7.0,7.0,,1.0,
16:38,Ballinrobe,Tippawan Haa,0.0,0.33,0.33,33.69,2.0,4.33,6.0,2.08,3.0,1 tip
16:38,Ballinrobe,Bangor Lady,,,,,,,,,,
16:38,Ballinrobe,Hercrazysbeautiful,,,,,,,,,,
16:38,Ballinrobe,So Far Away,0.0,0.0,0.0,33.12,3.0,4.5,6.0,2.12,2.0,
16:38,Ballinrobe,Bhean Saibhre,0.25,0.25,0.25,36.39,2.0,5.12,9.0,3.14,8.0,3 tips
17:13,Ballinrobe,Mick Collins,0.4,0.6,0.6,37.5,1.0,2.2,5.0,1.64,5.0,2 tips
17:13,Ballinrobe,Castleheath,0.25,0.25,0.38,38.49,1.0,3.75,6.0,1.83,8.0,
17:13,Ballinrobe,Elusive Ogie,0.0,0.0,0.25,36.82,1.0,5.0,8.0,2.94,4.0,
17:13,Ballinrobe,Shaboozee,0.0,0.0,0.17,35.4,1.0,4.33,9.0,2.88,6.0,2 tips
17:13,Ballinrobe,Abel Mabel,0.25,0.25,0.25,40.17,1.0,4.25,8.0,2.87,4.0,1 tip
17:13,Ballinrobe,Maxios Prime,0.0,0.2,0.2,35.42,1.0,6.8,18.0,7.19,5.0,
17:43,Ballinrobe,Boujee,0.0,0.0,0.0,35.7,6.0,8.0,10.0,1.83,4.0,
17:43,Ballinrobe,Gentle Annie,,,,,,,,,,
17:43,Ballinrobe,Hysuna,0.0,0.0,0.0,33.31,8.0,8.0,8.0,,1.0,
17:43,Ballinrobe,Jetaway Nana,0.0,0.0,0.5,35.81,2.0,4.0,6.0,1.83,4.0,2 tips
17:43,Ballinrobe,Mountrivers Lass,0.0,0.0,0.0,33.45,6.0,8.0,10.0,2.0,3.0,
17:43,Ballinrobe,Not May,0.0,0.0,0.0,40.14,2.0,5.0,7.0,2.65,3.0,
17:43,Ballinrobe,Nothing Hectic,0.17,0.17,0.33,36.86,3.0,5.0,10.0,2.61,6.0,2 tips
17:43,Ballinrobe,Toor Idaho,0.0,0.0,0.0,34.46,6.0,7.0,8.0,1.41,2.0,
18:13,Ballinrobe,Van Demon,0.0,0.0,0.2,34.09,4.0,10.2,14.0,4.27,5.0,
18:13,Ballinrobe,Kilashee,0.0,0.0,0.0,35.9,2.0,7.14,15.0,4.38,7.0,
18:13,Ballinrobe,Dream Once More,,,,,,,,,,
18:13,Ballinrobe,Anysignofhim,0.0,0.0,1.0,34.73,3.0,3.0,3.0,,1.0,1 tip
18:13,Ballinrobe,Klassman,0.17,0.17,0.5,36.25,2.0,4.0,10.0,3.03,6.0,
18:13,Ballinrobe,Ponderosa Lady,0.0,0.0,0.0,36.11,7.0,8.33,9.0,1.15,3.0,
18:13,Ballinrobe,Tedworth,0.0,0.0,0.0,37.47,5.0,8.14,12.0,2.97,7.0,
18:13,Ballinrobe,Western Opera,0.0,0.0,0.0,35.25,2.0,8.33,12.0,4.32,6.0,1 tip
18:13,Ballinrobe,Georginas Jet,0.0,0.0,0.0,39.14,3.0,6.43,10.0,2.57,7.0,1 tip
18:13,Ballinrobe,Damoso,0.0,0.0,0.0,34.35,7.0,10.0,12.0,2.16,4.0,
18:13,Ballinrobe,Rockon Henry,0.0,0.0,0.0,34.56,9.0,9.0,9.0,,1.0,
18:43,Ballinrobe,Friends N Commerce,0.0,0.0,0.0,34.6,3.0,7.67,12.0,4.51,3.0,
18:43,Ballinrobe,Miss Oreo,0.0,0.0,0.0,36.06,4.0,8.5,14.0,4.2,4.0,
18:43,Ballinrobe,Steps In The Sand,0.22,0.22,0.33,38.96,1.0,5.78,13.0,4.44,9.0,2 tips
18:43,Ballinrobe,Bayou Belle,0.0,0.0,0.0,36.59,2.0,5.0,11.0,3.69,6.0,1 tip
18:43,Ballinrobe,Lummi Island,0.0,0.0,0.33,34.06,4.0,7.67,11.0,3.51,3.0,
18:43,Ballinrobe,Inchidaly Copper,0.25,0.5,0.5,36.53,1.0,4.0,9.0,3.56,4.0,
18:43,Ballinrobe,Jetovango,0.0,0.0,0.0,37.53,3.0,8.0,11.0,4.36,3.0,
18:43,Ballinrobe,Cathys Quest,0.0,0.0,0.0,34.62,3.0,3.0,3.0,,1.0,2 tips
18:43,Ballinrobe,Doyen Flyer,0.17,0.17,0.17,36.51,5.0,7.83,11.0,2.48,6.0,
18:43,Ballinrobe,Ladies Well,0.0,0.0,0.0,35.46,4.0,7.75,10.0,2.87,4.0,
18:43,Ballinrobe,Love Bite,0.0,0.0,0.0,34.82,8.0,11.0,14.0,4.24,2.0,
18:43,Ballinrobe,Moonshine Girl,0.0,0.0,0.2,35.23,3.0,7.2,11.0,3.77,5.0,
18:43,Ballinrobe,Father Jed,0.0,0.0,0.0,32.73,9.0,11.33,14.0,2.52,3.0,
18:43,Ballinrobe,Great Rainbow,0.0,0.0,0.0,35.06,5.0,8.33,12.0,3.51,3.0,
19:13,Ballinrobe,King Of Kingsfield,0.17,0.17,0.33,36.35,1.0,3.17,5.0,1.72,6.0,1 tip
19:13,Ballinrobe,Runcok,0.14,0.14,0.29,36.42,1.0,4.0,7.0,2.38,7.0,4 tips
19:13,Ballinrobe,Saint Peregrine,0.0,0.0,0.0,36.8,2.0,6.5,10.0,3.38,8.0,
19:13,Ballinrobe,The Dara Man,0.0,0.0,0.0,35.06,4.0,6.5,9.0,3.54,2.0,
19:43,Ballinrobe,Chance Another One,0.5,0.5,0.5,36.01,1.0,1.5,2.0,0.71,2.0,1 tip
19:43,Ballinrobe,Chinx Of Light,0.0,0.0,0.0,35.26,5.0,6.0,7.0,1.41,2.0,
19:43,Ballinrobe,Greatness Awaits,0.08,0.08,0.15,36.51,1.0,3.85,11.0,3.18,13.0,
19:43,Ballinrobe,Iamagetaway,0.0,0.0,0.0,34.15,2.0,5.5,7.0,2.38,4.0,
19:43,Ballinrobe,Jimmybrien,0.0,0.0,0.0,35.88,5.0,8.0,11.0,2.83,5.0,
19:43,Ballinrobe,Mister Beeton,0.0,0.0,0.0,37.12,3.0,8.2,20.0,7.16,5.0,
19:43,Ballinrobe,Palamon,0.14,0.29,0.29,37.57,2.0,6.0,20.0,7.0,7.0,
19:43,Ballinrobe,Nastya,0.25,0.25,0.25,35.46,1.0,3.0,5.0,1.83,4.0,2 tips
19:43,Ballinrobe,Ta Na La,0.0,0.0,0.0,34.57,2.0,2.0,2.0,,1.0,1 tip
20:13,Ballinrobe,Baile Mhisteala,0.0,0.0,0.0,35.24,4.0,4.0,4.0,,1.0,
20:13,Ballinrobe,Blue Waters,0.0,0.0,0.0,35.25,4.0,4.0,4.0,,1.0,
20:13,Ballinrobe,Holly's Diamond,,,,,,,,,,
20:13,Ballinrobe,Jessie Roe,0.0,0.0,0.0,33.88,13.0,13.0,13.0,0.0,2.0,
20:13,Ballinrobe,Let It Settle,0.0,1.0,1.0,36.26,5.0,5.0,5.0,,1.0,3 tips
20:13,Ballinrobe,Likealightswitch,0.0,0.0,0.0,36.17,5.0,5.0,5.0,,1.0,
20:13,Ballinrobe,Marsh Lady,,,,,,,,,,
20:13,Ballinrobe,Maximillian Lady,,,,,,,,,,
20:13,Ballinrobe,Miss Jocund,0.0,0.0,0.0,36.63,3.0,3.0,3.0,,1.0,1 tip
20:13,Ballinrobe,Mysilverriverfeale,0.0,0.0,0.0,36.03,5.0,5.0,5.0,,1.0,
20:13,Ballinrobe,The Fitter,0.0,0.0,0.0,35.45,14.0,14.0,14.0,,1.0,
13:30,Ripon,Dream More,0.0,0.0,0.5,40.2,3.0,3.0,3.0,0.0,2.0,10 tips
13:30,Ripon,Hear The Drums,0.5,0.5,0.5,40.03,8.0,10.5,13.0,3.54,2.0,1 tip
13:30,Ripon,Quantum Power,0.0,0.0,0.0,40.27,6.0,6.0,6.0,,1.0,1 tip
13:30,Ripon,Dontwaste A Moment,,,,,,,,,,
13:30,Ripon,Howsham,0.0,0.0,0.0,38.08,15.0,15.0,15.0,,1.0,
13:30,Ripon,Queenies Pal,0.0,0.0,0.5,42.07,7.0,8.5,10.0,2.12,2.0,
13:30,Ripon,Vega's Virtue,0.0,0.0,0.0,39.27,7.0,7.0,7.0,,1.0,1 tip
13:30,Ripon,Empress Olivia,0.0,0.0,0.0,41.59,7.0,7.0,7.0,0.0,2.0,
13:30,Ripon,India Gold,0.0,0.0,0.0,40.11,5.0,5.0,5.0,,1.0,1 tip
14:05,Ripon,Chale Chalo,0.0,0.0,0.0,41.36,5.0,5.5,6.0,0.71,2.0,9 tips
14:05,Ripon,Kody B,,,,,,,,,,
14:05,Ripon,One And Gone,,,,,,,,,,
14:05,Ripon,Call Me By My Name,0.0,0.0,0.0,41.43,2.0,10.14,21.0,7.78,7.0,1 tip
14:05,Ripon,Sugarloaf Lad,0.0,0.0,0.0,39.29,5.0,8.5,12.0,4.95,2.0,
14:05,Ripon,Havana Song,0.0,0.0,0.0,40.35,8.0,8.0,8.0,,1.0,
14:05,Ripon,Bearin Up,1.0,1.0,1.0,40.88,3.0,3.5,4.0,0.71,2.0,4 tips
14:05,Ripon,Martha's Shadow,0.0,0.0,0.0,41.37,7.0,8.0,9.0,1.41,2.0,
14:05,Ripon,Proud Mary,0.0,0.0,0.0,41.99,6.0,6.0,6.0,,1.0,
14:40,Ripon,On To The Rouge,0.5,0.5,1.0,40.93,1.0,2.5,4.0,2.12,2.0,
14:40,Ripon,Lady Buttercup,0.0,0.0,0.0,35.06,3.0,6.83,10.0,2.64,6.0,
14:40,Ripon,Spanish Rising,0.0,0.0,0.0,39.39,5.0,5.0,5.0,,1.0,1 tip
14:40,Ripon,Lincoln Bliss,,,,,,,,,,
14:40,Ripon,Memphis Rose,0.0,0.0,0.0,41.32,2.0,2.0,2.0,,1.0,2 tips
14:40,Ripon,Bridgefoot Rambler,,,,,,,,,,
14:40,Ripon,Final Secret,0.0,0.0,0.33,39.05,2.0,5.33,7.0,2.89,3.0,9 tips
15:15,Ripon,Al Shaham,0.0,0.0,1.0,40.83,1.0,1.0,1.0,0.0,2.0,13 tips
15:15,Ripon,Amorim,0.0,0.0,0.33,41.94,1.0,2.0,3.0,1.0,3.0,
15:15,Ripon,Anaisa,0.0,0.0,0.0,43.34,1.0,4.0,6.0,2.08,7.0,
15:15,Ripon,Awraad,0.0,0.0,0.0,42.34,1.0,4.33,7.0,3.06,3.0,
15:15,Ripon,Lam Yai,0.33,0.33,0.33,43.07,1.0,4.33,8.0,3.51,3.0,1 tip
15:15,Ripon,Saucy Jane,0.0,0.0,0.25,41.95,1.0,2.25,4.0,1.26,4.0,
15:15,Ripon,Temple Of Athena,0.0,0.0,0.0,44.37,1.0,4.67,10.0,4.73,3.0,
15:50,Ripon,Silent Age,0.0,0.0,0.0,41.25,1.0,5.11,14.0,4.04,9.0,1 tip
15:50,Ripon,Ey Up Its The Boss,0.0,0.0,0.12,40.48,1.0,4.88,13.0,4.58,8.0,2 tips
15:50,Ripon,Rogue Encore,0.25,0.25,0.25,40.79,1.0,5.75,16.0,5.9,8.0,1 tip
15:50,Ripon,Capital Guarantee,0.11,0.11,0.22,41.26,1.0,3.44,6.0,2.01,9.0,3 tips
15:50,Ripon,Barley,0.11,0.11,0.11,42.04,2.0,4.56,13.0,3.5,9.0,2 tips
15:50,Ripon,Garden Oasis,0.0,0.0,0.0,40.26,1.0,3.14,6.0,2.12,7.0,
15:50,Ripon,Leadenhall,0.33,0.33,0.5,40.97,1.0,4.5,15.0,5.28,6.0,5 tips
16:23,Ripon,Another Baar,0.12,0.12,0.25,43.26,1.0,5.5,12.0,4.11,8.0,3 tips
16:23,Ripon,Knicks,0.14,0.14,0.14,43.38,2.0,5.43,9.0,2.76,7.0,1 tip
16:23,Ripon,Betweenthesticks,0.0,0.09,0.09,43.17,1.0,4.36,9.0,3.11,11.0,1 tip
16:23,Ripon,Good Point,0.0,0.0,0.0,43.62,2.0,4.0,7.0,2.65,3.0,
16:23,Ripon,Profitable Edge,0.0,0.0,0.0,43.87,4.0,7.0,10.0,2.24,5.0,2 tips
16:23,Ripon,Our Absent Friends,0.14,0.14,0.14,43.36,3.0,4.5,7.0,1.45,14.0,1 tip
16:23,Ripon,Tanjen,0.0,0.0,0.14,42.64,1.0,4.43,9.0,2.99,7.0,
16:23,Ripon,The Vital Spark,0.0,0.0,0.0,42.41,1.0,6.4,11.0,3.71,5.0,
16:23,Ripon,Yazaman,0.0,0.14,0.29,42.45,2.0,5.71,12.0,3.4,7.0,
16:23,Ripon,Canaria Queen,0.1,0.1,0.1,42.63,1.0,4.6,12.0,3.17,10.0,2 tips
16:23,Ripon,Masterclass,0.0,0.18,0.27,42.95,1.0,5.55,10.0,2.58,11.0,
16:58,Ripon,Accwest,0.0,0.0,0.25,38.91,4.0,7.5,11.0,2.89,4.0,
16:58,Ripon,Arranmore,0.1,0.2,0.3,39.72,1.0,5.0,8.0,2.31,10.0,
16:58,Ripon,Bay Of Australia,0.0,0.0,0.0,40.1,9.0,9.0,9.0,,1.0,
16:58,Ripon,Coloane,0.67,0.67,0.67,38.34,3.0,4.33,5.0,1.15,3.0,4 tips
16:58,Ripon,Sassy Glory,0.0,0.0,0.0,40.21,2.0,4.64,12.0,3.44,11.0,5 tips
16:58,Ripon,Tiberio Force,0.0,0.0,0.0,39.21,2.0,7.0,12.0,4.2,7.0,2 tips
16:58,Ripon,Yellow Lemons,0.0,0.0,0.0,40.57,6.0,7.25,10.0,1.89,4.0,
16:58,Ripon,Bebside,0.0,0.0,0.0,40.22,4.0,7.33,12.0,3.08,6.0,1 tip
16:58,Ripon,Heartened,0.17,0.17,0.17,40.42,3.0,5.67,8.0,1.97,6.0,
16:58,Ripon,Sweet Cicely,0.13,0.2,0.27,40.37,2.0,4.6,7.0,1.35,15.0,
17:33,Ripon,Innse Gall,0.0,0.0,0.0,38.33,6.0,6.5,7.0,0.71,2.0,1 tip
17:33,Ripon,Masekela,0.0,0.0,0.12,40.39,2.0,5.5,11.0,2.73,8.0,
17:33,Ripon,Carnival Zain,0.0,0.0,0.0,39.62,3.0,6.5,9.0,2.59,6.0,
17:33,Ripon,Star Start,0.0,0.0,0.1,37.55,1.0,4.7,9.0,2.75,10.0,7 tips
17:33,Ripon,Spartan Times,0.17,0.17,0.25,39.05,1.0,3.5,6.0,1.83,12.0,4 tips
17:33,Ripon,Blue Yonder,0.0,0.0,0.0,39.66,1.0,5.0,10.0,3.46,7.0,
17:33,Ripon,Leading Lion,0.0,0.0,0.0,35.09,6.0,6.67,8.0,1.15,3.0,
17:33,Ripon,Sisterandbrother,0.08,0.08,0.15,39.88,1.0,5.69,10.0,2.5,13.0,
17:33,Ripon,Victoria Legend,0.0,0.0,0.0,38.54,6.0,8.0,14.0,3.39,5.0,
13:35,Epsom,Spanish Star,0.25,0.25,0.25,43.53,1.0,5.0,8.0,2.27,8.0,1 tip
13:35,Epsom,Em Four,0.09,0.18,0.18,43.55,1.0,4.55,11.0,2.7,11.0,2 tips
13:35,Epsom,Danger Alert,0.0,0.0,0.0,43.1,4.0,6.17,8.0,1.83,6.0,1 tip
13:35,Epsom,Alondra,0.14,0.14,0.29,42.79,1.0,3.86,10.0,2.91,7.0,
13:35,Epsom,Silver Wraith,0.0,0.25,0.25,43.84,4.0,5.25,7.0,1.5,4.0,1 tip
13:35,Epsom,Count Otto,0.0,0.0,0.0,41.58,2.0,4.0,6.0,2.0,3.0,6 tips
14:10,Epsom,Ghost Mode,0.0,0.5,0.5,40.56,3.0,3.0,3.0,0.0,2.0,10 tips
14:10,Epsom,Champagne Dream,0.0,0.0,0.0,40.38,3.0,3.0,3.0,,1.0,1 tip
14:10,Epsom,Mayaada,0.0,0.0,0.0,41.68,2.0,3.0,5.0,1.22,5.0,4 tips
14:10,Epsom,Princess Honey Bee,0.0,0.0,0.0,40.63,3.0,3.0,3.0,0.0,2.0,
14:45,Epsom,Native American,0.0,0.0,0.0,39.91,8.0,8.0,8.0,,1.0,1 tip
14:45,Epsom,Society Man,0.0,0.0,0.0,40.51,2.0,9.33,20.0,9.45,3.0,
14:45,Epsom,Crimson Spirit,0.17,0.5,0.83,42.93,1.0,3.0,10.0,3.52,6.0,5 tips
14:45,Epsom,Fifty Nifty,0.0,0.0,0.2,41.91,2.0,7.8,13.0,4.32,5.0,
14:45,Epsom,Competizione,0.33,0.5,0.5,41.37,1.0,7.67,22.0,8.16,6.0,2 tips
14:45,Epsom,Partisan Hero,0.0,0.0,0.0,42.34,1.0,2.3,6.0,1.49,10.0,1 tip
14:45,Epsom,Bell Shot,0.17,0.17,0.17,41.8,1.0,3.08,6.0,1.62,12.0,2 tips
14:45,Epsom,The Fingal Raven,0.0,0.0,0.0,41.58,3.0,9.67,23.0,11.55,3.0,1 tip
14:45,Epsom,Aurora Majesty,0.14,0.29,0.29,43.23,1.0,3.86,9.0,3.18,7.0,3 tips
15:20,Epsom,Beauld As Brass,0.5,0.58,0.83,41.84,1.0,4.17,12.0,4.04,12.0,2 tips
15:20,Epsom,Gordon Grey,0.0,0.14,0.14,39.19,1.0,3.57,9.0,3.55,7.0,6 tips
15:20,Epsom,Way Of Life,0.11,0.22,0.22,40.86,1.0,4.0,7.0,2.12,9.0,
15:20,Epsom,Warning Sign,0.25,0.25,0.25,38.96,1.0,3.75,11.0,4.86,4.0,4 tips
15:20,Epsom,Big Bear Hug,0.0,0.0,0.0,39.34,1.0,4.0,9.0,3.46,4.0,
15:20,Epsom,Fast Steps,0.0,0.0,0.0,40.29,3.0,4.67,8.0,2.25,6.0,
15:20,Epsom,Vaynor,0.0,0.0,0.0,39.23,2.0,4.4,7.0,1.82,5.0,2 tips
15:20,Epsom,Sanitiser,0.2,0.2,0.4,39.21,1.0,5.8,14.0,5.17,5.0,
15:55,Epsom,Carnival Day,0.2,0.4,0.4,41.66,1.0,3.8,7.0,2.17,5.0,
15:55,Epsom,Robbo,0.14,0.14,0.29,42.32,1.0,5.14,7.0,2.04,7.0,
15:55,Epsom,Bearaway,0.0,0.0,0.1,41.49,1.0,3.8,12.0,3.43,10.0,
15:55,Epsom,Atherstone Warrior,0.0,0.0,0.0,39.53,3.0,6.5,10.0,4.95,2.0,
15:55,Epsom,Questionable,0.0,0.0,0.0,40.01,5.0,7.0,9.0,2.83,2.0,1 tip
15:55,Epsom,Soul Dance,0.17,0.17,0.5,40.92,1.0,3.67,10.0,3.27,6.0,10 tips
15:55,Epsom,Manila Thriller,0.4,0.4,0.5,40.66,1.0,4.5,9.0,2.68,10.0,1 tip
15:55,Epsom,Stormy Monday,0.0,0.2,0.2,41.67,3.0,5.8,10.0,3.11,5.0,2 tips
16:28,Epsom,Kitaro Kich,0.2,0.2,0.33,41.13,1.0,4.67,11.0,3.75,15.0,1 tip
16:28,Epsom,Due West,0.0,0.0,0.0,41.44,2.0,3.0,4.0,1.41,2.0,2 tips
16:28,Epsom,Eazy On The Eye,0.0,0.0,0.0,40.35,1.0,6.86,14.0,4.91,7.0,
16:28,Epsom,Jiff's Army,0.0,0.0,0.11,42.59,1.0,5.0,10.0,3.28,9.0,2 tips
16:28,Epsom,Hachiman,0.33,0.33,0.33,39.85,1.0,4.0,8.0,3.61,3.0,8 tips
16:28,Epsom,Play Me,0.11,0.33,0.33,43.13,1.0,5.11,10.0,2.85,9.0,
17:03,Epsom,Mafnood,0.17,0.17,0.17,43.41,2.0,4.17,7.0,2.23,6.0,3 tips
17:03,Epsom,Silver Trumpet,0.12,0.12,0.12,42.23,1.0,4.75,9.0,2.76,8.0,9 tips
17:03,Epsom,Our Mighty Mo,0.0,0.0,0.0,39.66,4.0,6.67,12.0,4.62,3.0,
17:03,Epsom,Valley Ofthe Kings,0.0,0.0,0.0,41.83,2.0,2.67,4.0,1.15,3.0,1 tip
17:03,Epsom,Dream Of Mischief,0.0,0.0,0.0,43.19,2.0,6.0,8.0,2.71,4.0,
17:03,Epsom,The Bitter Moose,0.0,0.0,0.12,42.72,2.0,5.62,13.0,4.1,8.0,1 tip
17:03,Epsom,Otago,0.0,0.0,0.0,43.75,5.0,5.67,7.0,1.15,3.0,
14:20,Cartmel,Dignam,0.14,0.14,0.29,40.65,1.0,4.0,6.0,2.16,7.0,12 tips
14:20,Cartmel,Black Sky,0.0,0.0,0.0,41.15,5.0,7.17,10.0,1.94,6.0,
14:20,Cartmel,Green Asset,0.0,0.0,0.0,39.41,5.0,6.5,8.0,2.12,2.0,
14:20,Cartmel,Junkyard Dog,0.12,0.12,0.12,41.21,1.0,5.38,11.0,3.07,8.0,
14:20,Cartmel,Urban Sky,0.0,0.0,0.0,41.91,2.0,7.33,11.0,4.73,3.0,
14:20,Cartmel,Big Gypsy King,0.25,0.25,0.25,40.0,1.0,5.5,11.0,4.43,4.0,
14:20,Cartmel,Zaraquelle,0.0,0.0,0.0,40.03,3.0,5.4,8.0,2.07,5.0,
14:55,Cartmel,Whizz Kid,0.0,0.0,0.0,36.38,3.0,4.4,10.0,3.13,5.0,
14:55,Cartmel,Harper Valley,0.11,0.11,0.22,34.92,1.0,4.56,9.0,3.0,9.0,1 tip
14:55,Cartmel,Do No Wrong,0.0,0.0,0.33,35.02,1.0,5.0,9.0,4.0,3.0,2 tips
14:55,Cartmel,City Derby,0.0,0.0,0.0,35.87,2.0,5.86,12.0,3.44,7.0,1 tip
14:55,Cartmel,Evenwood Sonofagun,0.0,0.09,0.18,36.22,1.0,4.09,12.0,3.36,11.0,
14:55,Cartmel,Star Legend,0.1,0.2,0.35,40.03,1.0,3.45,11.0,2.54,20.0,4 tips
14:55,Cartmel,Secret Secret,0.5,0.5,0.5,34.37,1.0,5.75,10.0,4.43,4.0,4 tips
14:55,Cartmel,Our Laura B,,,,,,,,,,
14:55,Cartmel,Sky Luna,0.0,0.0,0.0,33.53,4.0,6.67,9.0,2.52,3.0,
15:30,Cartmel,The Jam Man,,,,,,,,,,
15:30,Cartmel,Wbee,0.0,0.0,0.0,35.74,3.0,6.0,8.0,2.65,3.0,1 tip
15:30,Cartmel,Saint Bibiana,0.14,0.14,0.43,37.37,1.0,2.14,4.0,1.21,7.0,5 tips
15:30,Cartmel,Imperial Data,0.12,0.25,0.25,35.09,1.0,4.25,8.0,2.38,8.0,2 tips
15:30,Cartmel,Caughtinyourtrance,0.0,0.2,0.2,35.09,1.0,4.0,8.0,3.32,5.0,3 tips
15:30,Cartmel,Pounding Poet,0.4,0.4,0.4,36.66,1.0,4.2,8.0,2.77,5.0,1 tip
15:30,Cartmel,Kiss My Face,0.0,0.0,0.0,33.41,2.0,4.0,8.0,2.83,4.0,
15:30,Cartmel,Our Sam,0.0,0.0,0.0,35.07,2.0,6.4,10.0,3.29,5.0,
16:05,Cartmel,Charlie Uberalles,0.0,0.25,0.75,34.31,1.0,1.25,2.0,0.5,4.0,1 tip
16:05,Cartmel,Will Carver,0.0,0.0,0.0,33.27,2.0,5.0,8.0,4.24,2.0,
16:05,Cartmel,Sea The Clouds,0.0,0.0,0.5,34.51,1.0,4.0,9.0,3.56,4.0,5 tips
16:05,Cartmel,Ilikedwayurthinkin,0.0,0.0,0.25,33.12,1.0,2.0,4.0,1.41,4.0,3 tips
16:05,Cartmel,Stans The Man,0.11,0.11,0.22,35.1,1.0,2.67,8.0,2.4,9.0,
16:05,Cartmel,Olivers Travels,0.0,0.0,0.0,37.02,2.0,3.71,7.0,1.7,7.0,3 tips
16:05,Cartmel,Lord Accord,0.0,0.0,0.0,35.15,2.0,5.75,12.0,4.5,4.0,1 tip
16:05,Cartmel,Equus Dancer,0.0,0.0,0.0,32.71,3.0,3.5,4.0,0.71,2.0,
16:05,Cartmel,Shadows In The Sky,0.0,0.0,0.43,37.02,1.0,2.43,5.0,1.4,7.0,
16:43,Cartmel,Champagne Gold,0.0,0.0,0.0,35.8,3.0,3.5,4.0,0.71,2.0,
16:43,Cartmel,Yccs Portocervo,0.0,0.0,0.0,33.66,2.0,3.0,4.0,1.41,2.0,
16:43,Cartmel,Breizh River,0.0,0.0,0.0,34.84,3.0,4.0,5.0,1.0,3.0,1 tip
16:43,Cartmel,Ile De Jersey,0.0,0.0,0.4,36.79,1.0,3.4,6.0,2.51,5.0,2 tips
16:43,Cartmel,Arthur's Quay,0.0,0.2,0.4,34.99,1.0,3.8,6.0,2.17,5.0,1 tip
16:43,Cartmel,Half Shot,0.0,0.0,0.14,35.23,1.0,3.57,7.0,1.9,7.0,
16:43,Cartmel,Hurricane Ali,0.0,0.0,0.11,34.58,2.0,5.44,11.0,2.83,9.0,
16:43,Cartmel,Nickelforce,0.0,0.0,0.0,32.95,2.0,3.2,5.0,1.3,5.0,2 tips
16:43,Cartmel,River Of Joy,0.67,0.67,0.67,35.66,1.0,1.67,3.0,1.15,3.0,5 tips
16:43,Cartmel,Cuzco Du Mathan,0.0,0.0,0.0,33.8,4.0,5.0,7.0,1.73,3.0,
16:43,Cartmel,Sean Og,0.33,0.33,0.33,33.76,1.0,2.67,4.0,1.37,6.0,2 tips
17:18,Cartmel,Restandbethankful,0.0,0.0,0.0,35.88,3.0,5.11,8.0,1.76,9.0,
17:18,Cartmel,La Quarite,0.08,0.08,0.08,36.72,1.0,4.5,11.0,2.68,12.0,
17:18,Cartmel,Pittsburg,0.0,0.0,0.25,38.34,1.0,4.6,11.0,2.89,20.0,
17:18,Cartmel,Dexter,0.0,0.0,0.25,37.06,2.0,3.0,4.0,0.82,4.0,5 tips
17:18,Cartmel,Prospect House,0.0,0.1,0.1,37.98,1.0,3.4,10.0,2.72,10.0,2 tips
17:18,Cartmel,Fox Wallace,0.0,0.0,0.11,34.23,1.0,4.0,8.0,2.24,9.0,
17:18,Cartmel,Rory's Story,0.25,0.25,0.25,36.91,1.0,2.5,4.0,1.29,4.0,5 tips
17:18,Cartmel,Jackhammer,0.0,0.25,0.25,38.5,1.0,5.0,8.0,2.94,4.0,
13:53,Chepstow,Addmann,,,,,,,,,,
13:53,Chepstow,Captain Cairney,,,,,,,,,,
13:53,Chepstow,Castrillo,0.0,0.0,0.0,38.89,4.0,4.0,4.0,,1.0,7 tips
13:53,Chepstow,Gazal Almarmoom,,,,,,,,,,
13:53,Chepstow,Anywaythewindblows,0.0,0.0,0.0,37.47,7.0,7.0,7.0,,1.0,
13:53,Chepstow,Forceful Lady,0.0,0.0,0.0,40.99,8.0,9.0,10.0,1.41,2.0,
13:53,Chepstow,Ten Sixty Six,0.0,0.0,0.0,39.19,2.0,2.0,2.0,,1.0,5 tips
13:53,Chepstow,Time For Action,0.0,0.0,0.0,39.45,7.0,7.0,7.0,0.0,2.0,
14:28,Chepstow,Resdev Kisses,0.0,0.0,0.0,42.14,6.0,7.33,8.0,1.15,3.0,1 tip
14:28,Chepstow,Looks Likely,0.0,0.0,0.0,39.38,4.0,5.0,6.0,1.0,3.0,3 tips
14:28,Chepstow,Highlighting,0.0,0.0,0.0,40.51,6.0,8.25,12.0,2.63,4.0,
14:28,Chepstow,Doilookokay,0.0,0.0,0.2,41.41,1.0,5.0,9.0,3.81,5.0,4 tips
14:28,Chepstow,Isthatu,0.0,0.0,0.0,40.31,5.0,6.67,8.0,1.53,3.0,
14:28,Chepstow,Redditizio,0.0,0.0,0.0,41.37,2.0,3.25,5.0,1.28,8.0,5 tips
15:03,Chepstow,Spirit Of The Bay,0.0,0.2,0.2,42.84,1.0,3.4,7.0,2.3,5.0,
15:03,Chepstow,Diddy Man,0.0,0.0,0.5,43.38,1.0,3.17,5.0,1.47,6.0,2 tips
15:03,Chepstow,Soi Dao,0.22,0.33,0.33,43.12,1.0,3.89,8.0,2.2,9.0,1 tip
15:03,Chepstow,Onslow Gardens,0.12,0.25,0.25,42.47,2.0,5.0,9.0,2.62,8.0,1 tip
15:03,Chepstow,Romanovich,0.11,0.11,0.11,45.1,1.0,4.11,7.0,2.32,9.0,
15:03,Chepstow,Dappled Light,0.2,0.4,0.4,44.72,1.0,4.0,8.0,3.08,5.0,4 tips
15:03,Chepstow,Johnjay,0.33,0.5,0.5,44.59,1.0,4.17,10.0,3.13,6.0,2 tips
15:03,Chepstow,Ajrad,0.33,0.33,0.33,44.39,1.0,4.42,10.0,2.91,12.0,3 tips
15:03,Chepstow,Dovey Moon,0.11,0.22,0.22,43.08,1.0,4.67,9.0,2.06,9.0,
15:03,Chepstow,Rival,0.0,0.2,0.2,43.1,2.0,4.4,8.0,2.61,5.0,
15:03,Chepstow,Sangara,0.0,0.0,0.0,42.72,4.0,7.5,11.0,3.51,4.0,
15:03,Chepstow,Fact Or Fable,0.0,0.0,0.08,45.08,1.0,5.15,11.0,3.02,13.0,
15:03,Chepstow,Too Much Trevor,0.18,0.18,0.36,44.45,2.0,5.27,12.0,3.07,11.0,
15:03,Chepstow,Port Noir,0.0,0.06,0.06,43.74,2.0,4.12,9.0,2.03,17.0,
15:03,Chepstow,Letter Of The Law,0.0,0.0,0.0,44.9,2.0,6.67,11.0,2.9,12.0,
15:38,Chepstow,Off The Bench,0.0,0.0,0.1,43.24,3.0,5.6,9.0,1.9,10.0,
15:38,Chepstow,Star Of Mali,0.0,0.0,0.0,42.19,2.0,3.0,4.0,1.0,3.0,13 tips
15:38,Chepstow,Tommy Blue,0.0,0.0,0.0,40.93,5.0,8.0,11.0,4.24,2.0,
15:38,Chepstow,Love You Millions,0.0,0.0,0.0,44.37,3.0,3.0,3.0,,1.0,
15:38,Chepstow,Scent Of May,0.0,0.0,0.0,41.77,2.0,3.0,4.0,1.41,2.0,
16:13,Chepstow,Connie's Rose,0.0,0.0,0.0,43.33,2.0,4.62,8.0,2.43,13.0,1 tip
16:13,Chepstow,Over Spiced,0.0,0.0,0.14,43.02,1.0,3.86,7.0,2.07,14.0,3 tips
16:13,Chepstow,Reporter,0.0,0.0,0.0,43.89,1.0,5.27,11.0,3.04,11.0,
16:13,Chepstow,Some Nightmare,0.4,0.5,0.5,43.59,1.0,4.9,12.0,3.0,10.0,3 tips
16:13,Chepstow,Notre Maison,0.0,0.0,0.0,44.51,2.0,4.17,7.0,1.72,6.0,2 tips
16:13,Chepstow,Fossos,0.0,0.0,0.0,43.07,5.0,6.67,8.0,1.53,3.0,1 tip
16:13,Chepstow,Rogue Endeavour,0.0,0.0,0.0,41.26,3.0,6.91,13.0,3.11,11.0,
16:48,Chepstow,King Of The Dance,,,,,,,,,,
16:48,Chepstow,Kurimu,0.0,0.0,0.0,41.35,3.0,5.4,8.0,2.07,5.0,1 tip
16:48,Chepstow,Shark Two One,0.0,0.11,0.11,43.35,1.0,3.78,7.0,2.11,9.0,2 tips
16:48,Chepstow,King's Gem,0.0,0.0,0.0,41.49,8.0,9.33,10.0,1.15,3.0,
16:48,Chepstow,Bated Breeze,0.0,0.33,0.33,40.76,2.0,6.33,9.0,3.79,3.0,1 tip
16:48,Chepstow,Blazing Bobcat,0.0,0.0,0.0,41.61,7.0,9.25,13.0,2.63,4.0,
16:48,Chepstow,My Clementine,0.0,0.0,0.0,44.59,5.0,6.0,7.0,1.0,5.0,
16:48,Chepstow,Eye Of The Water,0.0,0.11,0.11,43.21,2.0,5.67,9.0,2.83,9.0,1 tip
16:48,Chepstow,Tea Leaf Ted,0.0,0.0,0.0,39.5,7.0,9.0,14.0,3.37,4.0,
17:23,Chepstow,Waistcoat,0.3,0.4,0.4,42.99,1.0,5.5,17.0,4.6,10.0,4 tips
17:23,Chepstow,Silent Flame,0.0,0.0,0.0,43.39,1.0,5.4,11.0,3.78,5.0,
17:23,Chepstow,Juniper's Dream,,,,,,,,,,
17:23,Chepstow,Punchbowl Flyer,0.0,0.0,0.0,43.58,1.0,2.67,5.0,2.08,3.0,3 tips
17:23,Chepstow,Road House,0.0,0.0,0.0,40.72,4.0,7.67,11.0,3.51,3.0,
17:23,Chepstow,Pure Artistry,0.2,0.4,0.6,41.45,1.0,4.4,9.0,3.21,5.0,5 tips
17:23,Chepstow,Mighty Gurkha,0.0,0.25,0.25,42.97,3.0,5.25,10.0,3.3,4.0,1 tip
13:58,Downpatrick,Front Door Famous,0.0,0.0,1.0,39.65,2.0,2.5,3.0,0.71,2.0,3 tips
13:58,Downpatrick,Serotonin,0.0,0.0,0.0,40.1,2.0,5.0,8.0,2.37,6.0,
13:58,Downpatrick,Cosielikeshim,0.0,0.0,0.0,35.09,7.0,10.5,14.0,4.95,2.0,
13:58,Downpatrick,Camlin Park,0.0,0.0,0.0,34.84,11.0,11.0,11.0,,1.0,
13:58,Downpatrick,Shoot The Crows,0.0,0.0,0.0,35.0,6.0,6.0,6.0,,1.0,
13:58,Downpatrick,Annagar,,,,,,,,,,
13:58,Downpatrick,Lady Maxios,0.0,0.0,0.0,36.55,4.0,5.0,6.0,1.41,2.0,
13:58,Downpatrick,Lightning Legs,0.0,0.0,0.0,38.93,5.0,9.0,14.0,4.69,4.0,
13:58,Downpatrick,Notmiwadi,0.0,0.0,0.0,35.3,9.0,13.0,17.0,5.66,2.0,
14:33,Downpatrick,Pahlavi,0.0,0.0,0.0,38.66,3.0,6.83,11.0,2.71,6.0,1 tip
14:33,Downpatrick,The Truant,0.17,0.17,0.17,39.98,1.0,6.5,16.0,5.02,12.0,
14:33,Downpatrick,Wing Back,0.5,0.5,0.5,39.39,1.0,5.5,10.0,6.36,2.0,
14:33,Downpatrick,Menas Miracle,0.0,0.14,0.29,37.44,1.0,7.29,17.0,6.37,7.0,1 tip
14:33,Downpatrick,Chesterbaylad,0.0,0.0,0.0,35.83,5.0,10.33,16.0,5.51,3.0,
14:33,Downpatrick,Silent Dawn,0.0,0.0,0.0,34.3,3.0,4.67,6.0,1.53,3.0,
14:33,Downpatrick,Patrick Street,0.2,0.2,0.2,38.87,6.0,11.2,15.0,3.63,5.0,
14:33,Downpatrick,Newport,0.0,0.12,0.12,37.26,4.0,6.62,10.0,2.45,8.0,2 tips
14:33,Downpatrick,Hitthehayson,0.0,0.0,0.0,36.28,4.0,9.57,17.0,4.89,7.0,
15:08,Downpatrick,Minella Supreme,0.67,0.67,0.67,39.52,1.0,2.0,3.0,1.0,3.0,1 tip
15:08,Downpatrick,Fool Me Once,0.11,0.22,0.22,37.98,2.0,6.22,15.0,4.09,9.0,1 tip
15:08,Downpatrick,Mavetherave,0.0,0.25,0.5,36.07,3.0,5.0,7.0,1.83,4.0,2 tips
15:08,Downpatrick,Southey,,,,,,,,,,
15:08,Downpatrick,Westoftignes,0.0,0.0,0.0,35.9,6.0,6.0,6.0,0.0,2.0,
15:08,Downpatrick,Penny Perfect,0.0,1.0,1.0,39.36,4.0,4.0,4.0,,1.0,1 tip
15:43,Downpatrick,Warriors Wood,0.0,0.0,0.25,38.97,1.0,3.0,7.0,2.83,4.0,2 tips
15:43,Downpatrick,Our Zebo,0.57,0.57,0.71,38.04,1.0,3.57,10.0,3.31,7.0,1 tip
15:43,Downpatrick,Eternal Angel,0.0,0.0,0.0,37.94,2.0,3.67,7.0,1.97,6.0,1 tip
15:43,Downpatrick,Rockview Consort,0.0,0.0,0.0,41.33,2.0,4.9,12.0,2.77,10.0,1 tip
15:43,Downpatrick,Ossifer Hops,,,,,,,,,,
15:43,Downpatrick,Kilmore Coral,0.5,0.5,0.5,37.08,1.0,5.0,9.0,5.66,2.0,
15:43,Downpatrick,Never Present,0.0,0.0,0.0,35.75,7.0,10.33,13.0,3.06,3.0,
15:43,Downpatrick,Peckham Springs,0.0,0.0,0.0,36.93,4.0,8.5,11.0,3.11,4.0,
15:43,Downpatrick,Gortmore Lady,0.0,0.0,0.4,38.54,3.0,7.0,13.0,4.06,5.0,
16:18,Downpatrick,Invictus World,0.0,0.33,0.33,35.57,1.0,5.33,8.0,3.79,3.0,
16:18,Downpatrick,Kalanisi Flash,,,,,,,,,,1 tip
16:18,Downpatrick,Joya Del Mar,0.17,0.17,0.17,35.65,2.0,4.5,6.0,1.64,6.0,
16:18,Downpatrick,Mount Sinai,0.0,0.0,0.33,35.32,1.0,7.0,11.0,5.29,3.0,2 tips
16:18,Downpatrick,Speculatrix,0.0,0.0,0.2,37.69,1.0,4.6,9.0,3.05,5.0,1 tip
16:53,Downpatrick,Person Of Interest,0.0,0.0,0.0,36.39,2.0,4.4,6.0,1.82,5.0,1 tip
16:53,Downpatrick,Sea Of Doubt,0.0,0.0,0.11,36.5,2.0,6.44,12.0,4.25,9.0,1 tip
16:53,Downpatrick,Doyen Magic,0.0,0.25,0.25,35.49,1.0,7.5,13.0,5.0,4.0,3 tips
16:53,Downpatrick,Bayonetta,0.0,0.0,0.33,36.82,3.0,3.67,5.0,1.15,3.0,
16:53,Downpatrick,My Good Pal,0.12,0.12,0.12,36.62,1.0,5.0,10.0,2.73,8.0,
16:53,Downpatrick,Firstupbestdressed,0.0,0.0,0.0,37.07,5.0,9.33,19.0,5.16,6.0,
16:53,Downpatrick,Greenway Machine,0.0,0.0,0.0,35.25,7.0,8.0,9.0,1.41,2.0,
16:53,Downpatrick,Fr Gilligansvoyge,0.0,0.0,0.0,39.06,4.0,5.67,9.0,2.89,3.0,
17:28,Downpatrick,Macinamillion,0.0,0.0,0.0,34.34,3.0,5.67,10.0,3.79,3.0,2 tips
17:28,Downpatrick,Presenting Lad,0.0,0.0,0.0,34.96,5.0,6.8,8.0,1.64,5.0,
17:28,Downpatrick,Willywampus,0.0,0.0,0.0,34.61,4.0,6.0,9.0,2.45,4.0,
17:28,Downpatrick,Lakefield Flyer,0.0,0.0,0.5,38.04,1.0,4.0,7.0,4.24,2.0,
17:28,Downpatrick,Metamorpheus,0.0,0.0,0.0,40.67,3.0,7.31,13.0,2.81,13.0,
17:28,Downpatrick,Wajaaha,0.0,0.12,0.12,38.43,2.0,7.5,12.0,3.3,8.0,
17:28,Downpatrick,Portarlington,0.2,0.2,0.4,37.47,1.0,5.5,16.0,4.86,10.0,1 tip
17:28,Downpatrick,Look Dont Touch,0.0,0.0,0.0,37.46,4.0,6.5,11.0,2.27,8.0,
17:28,Downpatrick,Woodstream Lad,0.17,0.17,0.17,36.28,1.0,6.17,11.0,4.4,6.0,2 tips
13:45,Southwell,Caraluna,,,,,,,,,,
13:45,Southwell,Lady Lysandra,0.0,0.0,0.0,38.95,9.0,9.0,9.0,,1.0,
13:45,Southwell,Lelosaja,,,,,,,,,,1 tip
13:45,Southwell,Ophelia Grace,0.0,1.0,1.0,38.87,2.0,2.0,2.0,,1.0,12 tips
13:45,Southwell,Rohini,0.0,0.0,0.0,37.75,7.0,7.0,7.0,,1.0,
13:45,Southwell,Showcasis Oasis,0.0,0.0,0.0,41.57,4.0,4.0,4.0,0.0,2.0,
13:45,Southwell,Slot,,,,,,,,,,
13:45,Southwell,Steelblue Ladybird,0.0,0.0,0.0,39.36,8.0,8.0,8.0,,1.0,
14:15,Southwell,Belcamo,0.0,0.0,0.0,38.04,2.0,4.25,7.0,1.83,8.0,1 tip
14:15,Southwell,Ajdayet,0.0,0.0,0.0,40.03,7.0,9.25,13.0,2.63,4.0,
14:15,Southwell,Swinging London,0.18,0.24,0.41,40.97,1.0,3.24,8.0,1.92,17.0,
14:15,Southwell,Damascus Steel,0.09,0.18,0.18,41.59,2.0,6.27,9.0,2.57,11.0,1 tip
14:15,Southwell,Action Pact,0.0,0.0,0.0,39.1,2.0,6.0,8.0,2.71,4.0,1 tip
14:15,Southwell,Louie's Folly,0.0,0.0,0.0,38.78,4.0,5.67,7.0,1.53,3.0,1 tip
14:15,Southwell,Me And Bobby McGee,,,,,,,,,,
14:15,Southwell,New York Minute,0.0,0.0,0.0,38.8,4.0,4.0,4.0,0.0,3.0,7 tips
14:15,Southwell,Creating Mischief,0.0,0.0,0.0,38.3,5.0,6.67,8.0,1.53,3.0,
14:15,Southwell,Double Meaning,0.0,0.0,0.0,38.68,5.0,7.0,9.0,2.83,2.0,2 tips
14:15,Southwell,Captain Robert,0.0,0.0,0.0,37.13,3.0,4.33,6.0,1.53,3.0,
14:15,Southwell,Ridgemaster,0.0,0.0,0.0,38.0,5.0,7.67,9.0,2.31,3.0,
14:50,Southwell,Mercurius Power,0.2,0.2,0.2,39.66,2.0,5.0,11.0,3.94,5.0,
14:50,Southwell,Without Compromise,0.09,0.09,0.27,41.02,2.0,5.36,11.0,2.84,11.0,
14:50,Southwell,Rapido Girl,0.0,0.0,0.0,42.17,2.0,4.8,8.0,2.3,10.0,
14:50,Southwell,Volto Di Medusa,0.0,0.0,0.0,40.19,8.0,8.0,8.0,,1.0,
14:50,Southwell,Barleybrown,0.2,0.2,0.3,40.54,2.0,5.0,8.0,2.26,10.0,1 tip
14:50,Southwell,Eva Rosie,0.18,0.45,0.55,40.26,1.0,4.0,8.0,2.79,11.0,1 tip
14:50,Southwell,Tresca,0.0,0.0,0.0,38.99,3.0,5.67,7.0,2.31,3.0,
14:50,Southwell,Francesi,0.0,0.0,0.12,41.48,3.0,4.5,8.0,2.0,8.0,1 tip
14:50,Southwell,Tiempo Alegre,0.27,0.36,0.36,42.88,1.0,3.55,7.0,1.69,11.0,7 tips
14:50,Southwell,Woodleigh,0.11,0.11,0.11,40.61,2.0,6.22,11.0,3.19,9.0,
14:50,Southwell,Eden Storm,0.08,0.08,0.25,39.76,3.0,5.42,9.0,1.73,12.0,
14:50,Southwell,Jack Daniel,0.0,0.0,0.0,41.63,2.0,5.17,10.0,2.86,6.0,2 tips
14:50,Southwell,Ventura Dream,0.0,0.0,0.0,39.71,1.0,5.27,9.0,2.28,11.0,1 tip
15:25,Southwell,Stitching Wheel,,,,,,,,,,
15:25,Southwell,Breakdancer,0.0,0.0,0.25,41.3,1.0,5.5,8.0,3.11,4.0,10 tips
15:25,Southwell,Chesneys Charm,0.11,0.11,0.22,41.44,1.0,4.33,8.0,2.29,9.0,1 tip
15:25,Southwell,Blue Eclipse,0.0,0.0,0.33,39.31,1.0,4.0,6.0,2.65,3.0,
15:25,Southwell,Mahogany Bay,0.0,0.0,0.0,39.01,2.0,3.33,5.0,1.53,3.0,
15:25,Southwell,Beltadaay,0.2,0.4,0.4,39.75,1.0,5.6,11.0,4.45,5.0,
15:25,Southwell,Kameel,0.0,0.14,0.29,40.98,1.0,6.0,13.0,4.43,7.0,
15:25,Southwell,Flightofthephoenix,0.25,0.25,0.25,39.4,2.0,4.25,6.0,2.06,4.0,1 tip
15:25,Southwell,Barry's Boy,0.0,0.25,0.25,40.53,1.0,6.25,11.0,4.57,4.0,
15:25,Southwell,Looks Fantastic,0.0,0.0,0.2,40.22,2.0,5.2,9.0,3.11,5.0,1 tip
15:25,Southwell,Thunder Earthlight,0.0,0.0,0.0,40.75,4.0,6.25,10.0,2.63,4.0,
16:00,Southwell,Sheikh Raj,0.0,0.0,0.33,41.31,4.0,5.0,6.0,1.0,3.0,8 tips
16:00,Southwell,My Mate Kev,0.0,0.0,0.0,42.07,1.0,4.86,10.0,3.44,7.0,1 tip
16:00,Southwell,Dapper Guest,0.33,0.33,0.67,42.54,1.0,4.67,7.0,2.25,6.0,
16:00,Southwell,Singoura,0.17,0.17,0.17,41.67,1.0,5.0,16.0,5.59,6.0,
16:00,Southwell,Sunshine Mag,0.0,0.0,0.0,41.13,2.0,6.0,10.0,3.16,5.0,
16:00,Southwell,Antalya,0.2,0.2,0.2,41.91,1.0,3.6,8.0,2.61,5.0,
16:00,Southwell,Tattie Bogle,0.0,0.0,0.0,42.48,1.0,5.92,14.0,3.92,12.0,3 tips
16:00,Southwell,The Sweet Escape,0.0,0.0,0.0,41.69,4.0,6.2,11.0,2.95,5.0,
16:00,Southwell,Stirrup Cup,0.0,0.0,0.0,44.03,7.0,7.75,9.0,0.96,4.0,
16:00,Southwell,Sherlock,0.0,0.0,0.0,39.8,2.0,4.43,9.0,2.51,7.0,2 tips
16:33,Southwell,Zabeel Road,0.2,0.2,0.2,41.83,1.0,5.2,9.0,3.03,5.0,5 tips
16:33,Southwell,Dannick,0.4,0.4,0.4,42.94,2.0,3.8,7.0,1.92,5.0,1 tip
16:33,Southwell,Stenmark,0.0,0.0,0.0,41.05,4.0,5.0,6.0,1.41,2.0,1 tip
16:33,Southwell,Arboreous,0.0,0.0,0.17,40.72,2.0,3.67,6.0,1.97,6.0,2 tips
16:33,Southwell,Nahash,0.25,0.25,0.25,40.61,3.0,7.5,11.0,4.12,4.0,4 tips
16:33,Southwell,Silver Arrow,0.2,0.2,0.2,43.46,1.0,6.8,12.0,4.15,5.0,1 tip
16:33,Southwell,Mu Mu Land,0.0,0.25,0.5,39.94,1.0,5.5,9.0,3.7,4.0,
16:33,Southwell,Opening Bat,0.0,0.0,0.0,41.46,1.0,4.0,7.0,2.19,6.0,1 tip
16:33,Southwell,Invitorio,0.0,0.0,0.14,39.76,4.0,7.86,12.0,2.85,7.0,
17:08,Southwell,Rough Diamond,0.0,0.0,0.0,40.02,4.0,6.0,8.0,2.83,2.0,
17:08,Southwell,Beelzebub,0.0,0.0,0.0,42.14,2.0,4.0,7.0,2.12,5.0,4 tips
17:08,Southwell,Blue Force,0.33,0.33,0.33,43.25,1.0,4.0,10.0,5.2,3.0,1 tip
17:08,Southwell,Manhattan Mirage,0.0,0.0,0.0,42.05,6.0,6.67,8.0,1.15,3.0,
17:08,Southwell,Willolarupi,0.22,0.33,0.33,42.4,1.0,3.78,6.0,2.22,9.0,3 tips
17:08,Southwell,Daytona Lady,0.27,0.36,0.36,41.8,2.0,5.36,8.0,2.38,11.0,3 tips
17:08,Southwell,Royal Musketeer,0.0,0.0,0.0,41.64,1.0,4.29,9.0,2.69,7.0,
17:08,Southwell,Mini Magna,0.0,0.0,0.0,43.96,4.0,6.25,8.0,1.71,4.0,2 tips
17:08,Southwell,Vinatera,0.0,0.0,0.0,41.8,3.0,4.83,8.0,2.23,6.0,2 tips
17:08,Southwell,Mattice,0.0,0.17,0.17,42.13,1.0,6.83,15.0,5.27,6.0,
17:08,Southwell,Cash In,0.0,0.0,0.0,42.72,1.0,5.67,8.0,2.73,6.0,
17:08,Southwell,The Cutest,0.0,0.0,0.0,42.3,6.0,6.0,6.0,,1.0,
17:08,Southwell,Belsito,0.0,0.0,0.0,41.95,2.0,5.33,11.0,3.78,6.0,
17:08,Southwell,Bomb Squad,0.36,0.36,0.43,41.87,1.0,3.36,9.0,2.31,14.0,
17:38,Southwell,Gesundheit,0.0,0.0,0.0,40.49,6.0,9.33,12.0,3.06,3.0,
17:38,Southwell,Bueno Nacho,0.0,0.0,0.0,42.13,3.0,7.0,10.0,2.94,4.0,
17:38,Southwell,Wild Embers,0.17,0.17,0.17,41.64,3.0,6.0,9.0,2.53,6.0,
17:38,Southwell,Laurens Dream,0.17,0.33,0.33,42.13,1.0,4.58,8.0,2.54,12.0,5 tips
17:38,Southwell,Blue Empress,0.0,0.0,0.0,42.39,2.0,4.73,10.0,2.57,11.0,2 tips
17:38,Southwell,Top Biller,0.0,0.1,0.1,42.84,1.0,4.5,10.0,2.8,10.0,1 tip
17:38,Southwell,Up The Monk,0.0,0.0,0.0,41.91,3.0,6.62,10.0,3.2,8.0,
17:38,Southwell,Toota,0.29,0.29,0.29,41.89,2.0,3.14,7.0,1.77,7.0,1 tip
17:38,Southwell,Fair Call,0.0,0.2,0.2,44.07,4.0,5.8,8.0,1.48,5.0,1 tip
17:38,Southwell,Mission In Malton,0.0,0.0,0.0,42.55,2.0,5.2,11.0,2.78,10.0,
